ID,Domain,Title,Severity,Confidence,Evidence,Impact,Likelihood,Recommended Fix,Effort,Suggested Owner
SEC-01,Security,Unprotected Direct Table Insert Fallback in Telemetry,HIGH,Verified,src/lib/analyticsTracker.ts:32-35,Anonymous users could bypass RPC validation and inject arbitrary rows into site_analytics,Medium,Enforce RPC-only insertion (track_resource_event) and validate session ID length (8-100 chars),S,Security Engineer
SEC-02,Security,Sub-Admin Creation Lacks Automatic Rollback on DB Insert Failure,HIGH,Verified,supabase/functions/create-sub-admin/index.ts:120-136,Failed profile inserts leave orphaned auth.users accounts without permissions,Medium,Call auth.admin.deleteUser(newUserId) if admin_profiles or permissions insertion fails,S,Software Architect
SEC-03,Security,Missing Rate Limiting on Authentication and Edge Functions,MEDIUM,Verified,supabase/functions/create-sub-admin/index.ts:9-14,Brute-force password guessing or edge function exhaustion,Medium,Deploy Cloudflare WAF / Upstash rate limit on auth & admin edge functions,M,SRE / DevOps
DAT-01,Data & Database,Client-Side Telemetry Aggregation Limited by PostgREST 1000-Row Default,HIGH,Verified,src/components/admin/AnalyticsSection.tsx:56-60,Top resources metrics truncated or inaccurate when site analytics exceed 1000 rows,High,Replace client-side map with server-side SQL function get_top_learning_resources,S,Data Engineer
DAT-02,Data & Database,Fragmented SQL Migration Files Without Version Control Tool,MEDIUM,Verified,src/lib/*.sql (11 SQL files),Risk of schema drift or out-of-order execution in staging/prod environments,Medium,Consolidate SQL scripts into Supabase CLI or Flyway versioned migration scripts,M,Database Administrator
CODE-01,Code Quality,Inconsistent Enum Casing in Resource Type Mapping,MEDIUM,Verified,src/utils/resourceStorage.ts:124,Potential filter mismatch between storage object paths and UI filter queries,Low,Standardize ResourceType definitions across storage utilities and admin components,S,Software Architect
CODE-02,AI-Generated Code Risks,Legacy Table Redundancy (admin_users vs admin_profiles),LOW,Verified,src/lib/admin_system_migration.sql:13-31,Schema confusion and redundant queries across auth contexts,Low,Deprecate admin_users table and standardize foreign key constraints to auth.users,S,Software Architect
PERF-01,Performance,Monolithic JS Bundle Exceeds 600 KB Without Code-Splitting,MEDIUM,Verified,dist/assets/index-DlBuFUpy.js (608 KB),Slow initial page load time on low-bandwidth mobile networks,High,Implement React.lazy dynamic imports for admin sections and standalone pages,M,Frontend Lead
TEST-01,Testing & QA,Absence of Automated Test Suite,HIGH,Verified,package.json:6-11,High risk of regressions during refactoring or schema updates,High,Add Vitest unit tests for storage/auth utilities and Playwright E2E tests,L,QA Lead
A11Y-01,Accessibility,Missing ARIA Dialog Properties and Focus Trap in Modals,MEDIUM,Verified,src/components/admin/ui/Modal.tsx:1-50,Impaired screen reader navigation and keyboard focus traps,Medium,Add role=dialog, aria-labelledby, aria-modal, and focus trap trap management,S,Frontend Lead
OPS-01,Operations,Console Logging Without APM Error Aggregation,MEDIUM,Verified,src/lib/analyticsTracker.ts:34,Unmonitored client errors and missing error alerting in production,Medium,Integrate Sentry SDK for client error capturing and APM metrics,S,SRE / DevOps
COMP-01,Compliance,SessionStorage Telemetry Without Cookie Privacy Banner,LOW,Verified,src/lib/analyticsTracker.ts:3-14,Potential non-compliance with student privacy guidelines,Low,Add clear privacy notice explaining anonymous session telemetry usage,S,Product Lead
